,location,date,demand.forecast,distribution.cost.per.unit,price.per.unit,profit.per.unit
1,location_1,12/7/2016,1197,220.9932106,466.03009,245.0368795
2,location_2,12/7/2016,1328,204.5146978,170.088211,-34.42648677
3,location_3,12/7/2016,409,84.34001729,441.7537284,357.4137111
4,location_4,12/7/2016,382,127.3629386,331.2979489,203.9350103
5,location_5,12/7/2016,1303,87.84584319,100.4131108,12.56726757
6,location_6,12/7/2016,1384,243.5272471,397.5246062,153.9973591
7,location_7,12/7/2016,1156,149.8927585,470.0865584,320.1937999
8,location_8,12/7/2016,1492,241.7962993,488.1014132,246.3051138
9,location_9,12/7/2016,500,85.07901649,252.5212774,167.4422609
10,location_10,12/7/2016,1419,140.5200699,212.9800544,72.45998448
11,location_11,12/7/2016,256,154.5961889,149.6966128,-4.899576027
12,location_12,12/7/2016,450,190.5438993,281.7435452,91.19964591
13,location_13,12/7/2016,1123,228.805788,488.6140265,259.8082385
14,location_14,12/7/2016,1159,103.5262364,227.0797684,123.5535319
15,location_15,12/7/2016,169,157.707302,472.8291574,315.1218554
16,location_16,12/7/2016,1476,104.3365491,435.411565,331.0750159
17,location_17,12/7/2016,815,198.5039262,171.917807,-26.58611913
18,location_18,12/7/2016,1979,240.270327,379.2571735,138.9868465
19,location_19,12/7/2016,260,219.7111008,409.3522883,189.6411875
20,location_20,12/7/2016,891,249.2504944,465.2088489,215.9583545
21,location_21,12/7/2016,1986,232.9345055,256.2883993,23.35389373
22,location_22,12/7/2016,695,197.5411848,163.2877097,-34.25347516
23,location_23,12/7/2016,1961,84.59564359,178.3191397,93.7234961
24,location_24,12/7/2016,412,204.7131559,478.8973935,274.1842376
25,location_25,12/7/2016,747,77.81634089,366.0559724,288.2396315
26,location_26,12/7/2016,780,56.96795001,259.4273344,202.4593844
27,location_27,12/7/2016,645,115.1016058,296.7910934,181.6894876
28,location_28,12/7/2016,1326,98.59923068,249.927216,151.3279853
29,location_29,12/7/2016,1994,129.5142141,274.2147116,144.7004975
30,location_30,12/7/2016,538,141.2872631,150.4837606,9.196497547
31,location_31,12/7/2016,1626,216.9569853,278.3534485,61.39646322
32,location_32,12/7/2016,1454,72.24501786,220.3805991,148.1355813
33,location_33,12/7/2016,526,86.8429095,448.4618784,361.6189689
34,location_34,12/7/2016,1836,115.616531,168.931128,53.31459702
35,location_35,12/7/2016,1132,138.9931983,202.2874268,63.29422849
36,location_36,12/7/2016,1221,108.4715249,188.1120808,79.64055594
37,location_37,12/7/2016,1087,237.1123727,179.6997803,-57.41259237
38,location_38,12/7/2016,1985,188.3517999,280.031513,91.67971308
39,location_39,12/7/2016,183,188.7974781,462.2726837,273.4752057
40,location_40,12/7/2016,656,176.1226867,298.6564104,122.5337237
41,location_41,12/7/2016,1971,133.254351,209.7165201,76.46216913
42,location_42,12/7/2016,886,113.0296596,244.3998967,131.3702371
43,location_43,12/7/2016,303,60.07141084,285.4373728,225.3659619
44,location_44,12/7/2016,1005,193.9915059,341.3442125,147.3527066
45,location_45,12/7/2016,990,119.1598051,449.6267091,330.466904
46,location_46,12/7/2016,126,53.60292937,393.7527074,340.1497781
47,location_47,12/7/2016,325,236.2106475,277.9039504,41.6933029
48,location_48,12/7/2016,1926,150.4676315,197.3189894,46.85135786
49,location_49,12/7/2016,1615,121.3542492,247.3496498,125.9954005
50,location_50,12/7/2016,1342,117.3005284,132.7457419,15.44521349
51,location_51,12/7/2016,1411,74.92781952,167.3456413,92.41782175
52,location_52,12/7/2016,483,128.9275012,243.8769093,114.9494081
53,location_53,12/7/2016,1748,171.2267665,193.9765616,22.74979516
54,location_54,12/7/2016,321,142.5960225,167.2164709,24.62044843
55,location_55,12/7/2016,1317,242.6352556,191.368991,-51.26626454
56,location_56,12/7/2016,1323,158.9642226,441.5825582,282.6183356
57,location_57,12/7/2016,75,227.8966464,375.7148109,147.8181645
58,location_58,12/7/2016,31,99.76922735,312.1749943,212.405767
59,location_59,12/7/2016,1848,157.4513754,278.2990094,120.847634
60,location_60,12/7/2016,963,101.2076401,137.4898826,36.28224246
61,location_61,12/7/2016,226,214.339377,444.4744182,230.1350411
62,location_62,12/7/2016,1388,97.20253134,152.2178103,55.01527898
63,location_63,12/7/2016,1465,225.4012472,325.6562955,100.2550483
64,location_64,12/7/2016,928,54.60628862,467.2428707,412.636582
65,location_65,12/7/2016,1153,116.2525982,142.3660665,26.11346827
66,location_66,12/7/2016,22,146.2858211,334.7347762,188.4489551
67,location_67,12/7/2016,1261,102.5534713,120.504417,17.95094572
68,location_68,12/7/2016,1588,239.6483762,309.5500909,69.90171466
69,location_69,12/7/2016,1432,72.26663064,423.7569068,351.4902761
70,location_70,12/7/2016,1434,175.3090188,295.817683,120.5086641
71,location_71,12/7/2016,735,75.51989709,314.4193473,238.8994502
72,location_72,12/7/2016,484,158.3173671,454.7016935,296.3843265
73,location_73,12/7/2016,222,168.0426209,379.2147439,211.172123
74,location_74,12/7/2016,339,213.1542264,449.3323108,236.1780845
75,location_75,12/7/2016,619,214.9035626,339.919998,125.0164355
76,location_76,12/7/2016,1301,205.1132987,397.746201,192.6329023
77,location_77,12/7/2016,1440,218.7640194,333.4317763,114.6677569
78,location_78,12/7/2016,879,177.1166961,316.3138245,139.1971285
79,location_79,12/7/2016,829,206.6133406,267.282725,60.66938443
80,location_80,12/7/2016,349,151.2139267,399.9888811,248.7749544
81,location_81,12/7/2016,1911,64.51031952,254.9199868,190.4096673
82,location_82,12/7/2016,1447,78.32137519,306.857607,228.5362319
83,location_83,12/7/2016,1752,215.6567045,219.5404524,3.883747943
84,location_84,12/7/2016,1755,59.07782651,492.3941622,433.3163357
85,location_85,12/7/2016,1612,147.5079641,396.9694731,249.461509
86,location_86,12/7/2016,1887,68.61689072,297.3968715,228.7799808
87,location_87,12/7/2016,416,173.5104927,334.6591384,161.1486457
88,location_88,12/7/2016,640,113.8126048,321.535465,207.7228602
89,location_89,12/7/2016,1429,237.6646285,495.6872794,258.0226509
90,location_90,12/7/2016,766,213.0473987,497.5570966,284.5096979
91,location_91,12/7/2016,1304,207.1786458,264.5727467,57.39410091
92,location_92,12/7/2016,997,238.2156752,372.4492709,134.2335958
93,location_93,12/7/2016,1038,128.5407861,167.9985884,39.45780224
94,location_94,12/7/2016,1978,190.6950546,250.8978872,60.20283257
95,location_95,12/7/2016,684,145.2728631,280.8606414,135.5877784
96,location_96,12/7/2016,1566,181.7331458,180.7454504,-0.98769539
97,location_97,12/7/2016,929,184.6925765,129.9340056,-54.7585709
98,location_98,12/7/2016,1020,244.1283907,451.1025549,206.9741642
99,location_99,12/7/2016,895,215.2680809,220.1938003,4.925719416
100,location_100,12/7/2016,955,214.7983525,321.2267989,106.4284464
101,location_101,12/7/2016,772,67.33149556,287.6964402,220.3649447
102,location_102,12/7/2016,1285,106.9823633,402.6939677,295.7116044
103,location_103,12/7/2016,1753,213.004299,196.8576001,-16.14669887
104,location_104,12/7/2016,1708,83.41239872,417.4566225,334.0442238
105,location_105,12/7/2016,686,79.55227206,468.3077803,388.7555082
106,location_106,12/7/2016,785,224.2944291,269.153267,44.85883787
107,location_107,12/7/2016,1565,61.56479563,441.4057704,379.8409747
108,location_108,12/7/2016,392,203.4844116,189.185807,-14.29860462
109,location_109,12/7/2016,1850,182.6210953,480.3301973,297.709102
110,location_110,12/7/2016,388,140.7392241,201.8559881,61.11676404
111,location_111,12/7/2016,1127,109.171084,422.8793587,313.7082746
112,location_112,12/7/2016,1872,114.0136729,304.0168615,190.0031886
113,location_113,12/7/2016,995,65.27621741,232.2582278,166.9820104
114,location_114,12/7/2016,227,212.2535672,166.764503,-45.48906418
115,location_115,12/7/2016,1856,65.54889763,430.1395436,364.590646
116,location_116,12/7/2016,1950,205.0994304,141.8551682,-63.2442622
117,location_117,12/7/2016,648,164.3368443,159.7003703,-4.636473954
118,location_118,12/7/2016,762,223.1120198,257.2522266,34.14020673
119,location_119,12/7/2016,1215,119.4628083,300.8510161,181.3882078
120,location_120,12/7/2016,585,242.7550581,332.4078654,89.65280727
121,location_121,12/7/2016,665,207.2486756,327.8477702,120.5990946
122,location_122,12/7/2016,754,116.8764963,230.5854789,113.7089826
123,location_123,12/7/2016,357,193.6421669,359.3933752,165.7512083
124,location_124,12/7/2016,535,146.3115239,485.8037257,339.4922018
125,location_125,12/7/2016,934,78.46857724,383.7207054,305.2521281
126,location_126,12/7/2016,703,193.2291812,327.4978862,134.268705
127,location_127,12/7/2016,1933,131.3494553,286.2285483,154.879093
128,location_128,12/7/2016,1171,186.2169032,151.1734415,-35.04346176
129,location_129,12/7/2016,67,249.0402071,221.0581969,-27.98201023
130,location_130,12/7/2016,1239,239.0494601,268.2942547,29.2447946
131,location_131,12/7/2016,1966,230.4121455,380.5203711,150.1082256
132,location_132,12/7/2016,1871,67.5026447,371.3119475,303.8093028
133,location_133,12/7/2016,745,53.28788608,164.3668598,111.0789738
134,location_134,12/7/2016,496,129.0148379,433.8486504,304.8338125
135,location_135,12/7/2016,751,112.3007706,311.3067043,199.0059337
136,location_136,12/7/2016,264,143.8834657,339.2154398,195.3319741
137,location_137,12/7/2016,88,125.2239392,354.3829607,229.1590215
138,location_138,12/7/2016,1504,244.5061448,181.8255353,-62.68060952
139,location_139,12/7/2016,992,108.9187749,268.3544436,159.4356687
140,location_140,12/7/2016,1286,139.3107101,167.0580228,27.7473127
141,location_141,12/7/2016,1684,124.7220127,485.7122526,360.9902398
142,location_142,12/7/2016,1290,211.7887013,213.7236058,1.934904512
143,location_143,12/7/2016,1610,227.3600348,439.5619362,212.2019014
144,location_144,12/7/2016,1934,161.3557777,451.7797347,290.423957
145,location_145,12/7/2016,308,55.47717754,498.6770215,443.1998439
146,location_146,12/7/2016,786,207.0569672,479.8855749,272.8286077
147,location_147,12/7/2016,1697,135.7011561,224.4071092,88.70595316
148,location_148,12/7/2016,1331,114.4015558,174.5712081,60.16965229
149,location_149,12/7/2016,746,56.29459061,177.7060973,121.4115067
150,location_150,12/7/2016,1105,111.6487086,192.4881819,80.83947329
151,location_151,12/7/2016,800,66.15189221,428.8073312,362.6554389
152,location_152,12/7/2016,133,232.218625,397.4407062,165.2220812
153,location_153,12/7/2016,71,249.9491811,314.0545583,64.10537721
154,location_154,12/7/2016,1271,52.27971841,227.5972103,175.3174919
155,location_155,12/7/2016,365,167.4087166,184.7667448,17.35802819
156,location_156,12/7/2016,911,119.708449,364.1992243,244.4907753
157,location_157,12/7/2016,1603,125.5013528,361.9889494,236.4875966
158,location_158,12/7/2016,185,116.7104935,211.0516145,94.34112096
159,location_159,12/7/2016,305,113.814693,406.1983022,292.3836092
160,location_160,12/7/2016,1416,83.36351737,384.7753143,301.4117969
161,location_161,12/7/2016,394,89.90613581,379.5336735,289.6275377
162,location_162,12/7/2016,608,53.07167917,306.8745754,253.8028962
163,location_163,12/7/2016,1861,53.82250836,272.2937869,218.4712785
164,location_164,12/7/2016,301,116.443427,179.8198942,63.37646716
165,location_165,12/7/2016,1984,155.9352264,296.7489954,140.813769
166,location_166,12/7/2016,329,219.0765841,409.4562609,190.3796768
167,location_167,12/7/2016,491,81.39153444,470.2479545,388.8564201
168,location_168,12/7/2016,1179,100.0222505,103.6251011,3.602850623
169,location_169,12/7/2016,1300,163.3876389,416.2685768,252.8809379
170,location_170,12/7/2016,723,179.5792202,109.1483455,-70.43087468
171,location_171,12/7/2016,149,231.9027938,359.2874144,127.3846206
172,location_172,12/7/2016,1788,94.38204048,484.8814494,390.4994089
173,location_173,12/7/2016,1952,138.3149053,236.688524,98.37361872
174,location_174,12/7/2016,563,153.886127,407.7462374,253.8601105
175,location_175,12/7/2016,118,201.0464204,280.95398,79.90755956
176,location_176,12/7/2016,337,227.6191635,222.7805002,-4.838663293
177,location_177,12/7/2016,823,247.5810058,104.502288,-143.0787179
178,location_178,12/7/2016,0,115.7607167,271.8278318,156.067115
179,location_179,12/7/2016,1681,149.348964,185.542002,36.19303801
180,location_180,12/7/2016,531,142.0837085,308.7969178,166.7132094
181,location_181,12/7/2016,1661,132.7397017,147.5003104,14.76060865
182,location_182,12/7/2016,1989,161.2397201,450.7572268,289.5175067
183,location_183,12/7/2016,206,246.4150742,282.0209786,35.60590446
184,location_184,12/7/2016,694,97.41823333,143.3141741,45.89594076
185,location_185,12/7/2016,1824,239.1349327,120.98192,-118.1530127
186,location_186,12/7/2016,97,146.9609167,381.5041713,234.5432546
187,location_187,12/7/2016,57,96.4156942,351.0265806,254.6108864
188,location_188,12/7/2016,1390,117.3291256,363.3777151,246.0485895
189,location_189,12/7/2016,576,104.8229499,305.0421325,200.2191826
190,location_190,12/7/2016,1110,60.16608896,213.1787232,153.0126343
191,location_191,12/7/2016,1387,109.6429716,442.768539,333.1255674
192,location_192,12/7/2016,1741,82.79085066,300.145171,217.3543204
193,location_193,12/7/2016,1312,162.1825974,258.6466954,96.46409801
194,location_194,12/7/2016,432,72.43888788,460.0830932,387.6442053
195,location_195,12/7/2016,806,150.4728724,106.7880832,-43.68478926
196,location_196,12/7/2016,758,182.8409591,291.7407993,108.8998402
197,location_197,12/7/2016,958,200.5893593,378.4353564,177.8459971
198,location_198,12/7/2016,814,131.6591014,201.1345298,69.47542843
199,location_199,12/7/2016,1616,105.7272382,378.172469,272.4452309
200,location_200,12/7/2016,376,73.74619958,347.3210763,273.5748767
201,location_201,12/7/2016,1536,145.569032,207.4768759,61.90784392
202,location_202,12/7/2016,803,149.1790173,257.9423776,108.7633603
203,location_203,12/7/2016,1651,166.4025774,476.4078986,310.0053212
204,location_204,12/7/2016,885,249.5474389,351.5569762,102.0095373
205,location_205,12/7/2016,144,107.0691163,433.5216154,326.4524991
206,location_206,12/7/2016,134,117.8358248,378.2709981,260.4351733
207,location_207,12/7/2016,696,111.3332297,355.4553461,244.1221164
208,location_208,12/7/2016,1232,112.7556807,191.301882,78.5462013
209,location_209,12/7/2016,1165,130.1826389,263.0735756,132.8909367
210,location_210,12/7/2016,1671,60.35335911,489.3449955,428.9916364
211,location_211,12/7/2016,1471,148.2510384,445.8804168,297.6293784
212,location_212,12/7/2016,1583,175.5272856,279.8247156,104.29743
213,location_213,12/7/2016,878,162.0888397,157.4708221,-4.618017608
214,location_214,12/7/2016,16,203.0924138,166.454274,-36.63813975
215,location_215,12/7/2016,1843,189.4391947,451.0545953,261.6154006
216,location_216,12/7/2016,1501,132.5659416,227.1467758,94.58083422
217,location_217,12/7/2016,553,142.8851947,464.6016141,321.7164194
218,location_218,12/7/2016,788,57.33992392,126.2091196,68.86919569
219,location_219,12/7/2016,996,156.8154023,237.5240169,80.70861464
220,location_220,12/7/2016,1509,223.5473657,129.8595859,-93.68777983
221,location_221,12/7/2016,1761,66.46682802,353.5019612,287.0351332
222,location_222,12/7/2016,644,179.2100886,211.8105324,32.60044376
223,location_223,12/7/2016,1208,77.49651838,107.4898738,29.99335546
224,location_224,12/7/2016,532,97.2928178,416.2489304,318.9561126
225,location_225,12/7/2016,1675,211.3927754,148.4052271,-62.98754835
226,location_226,12/7/2016,610,116.4793824,480.8311234,364.351741
227,location_227,12/7/2016,776,148.8627666,167.8848702,19.02210359
228,location_228,12/7/2016,1913,171.3795048,405.1560861,233.7765813
229,location_229,12/7/2016,730,92.11528511,364.1934519,272.0781668
230,location_230,12/7/2016,1004,202.3325209,372.4294731,170.0969523
231,location_231,12/7/2016,855,161.6282147,235.8873715,74.25915678
232,location_232,12/7/2016,1214,54.12225425,170.0462137,115.9239595
233,location_233,12/7/2016,1392,203.8767986,400.4691556,196.5923571
234,location_234,12/7/2016,858,65.69684208,365.1895598,299.4927177
235,location_235,12/7/2016,1906,138.7148725,480.159287,341.4444144
236,location_236,12/7/2016,578,227.9982049,203.8483499,-24.14985499
237,location_237,12/7/2016,1623,247.9609314,338.3412517,90.38032023
238,location_238,12/7/2016,668,128.4042355,256.7020915,128.297856
239,location_239,12/7/2016,1200,61.86758955,132.1626116,70.29502201
240,location_240,12/7/2016,612,90.27931411,162.8465977,72.56728355
241,location_241,12/7/2016,1805,160.5978771,439.0159317,278.4180546
242,location_242,12/7/2016,1325,178.2934673,109.2807021,-69.01276521
243,location_243,12/7/2016,666,179.5943801,386.6187872,207.0244071
244,location_244,12/7/2016,1064,191.159168,414.1583831,222.9992151
245,location_245,12/7/2016,1219,80.60403499,364.7922525,284.1882175
246,location_246,12/7/2016,18,164.3621453,210.1668698,45.80472452
247,location_247,12/7/2016,939,161.6186822,424.9038993,263.2852171
248,location_248,12/7/2016,639,113.1288786,336.833867,223.7049884
249,location_249,12/7/2016,442,190.1051073,334.7521055,144.6469981
250,location_250,12/7/2016,1166,150.513469,339.6338208,189.1203518
251,location_251,12/7/2016,1319,91.10433483,278.5762371,187.4719023
252,location_252,12/7/2016,1497,172.1122838,476.8389544,304.7266706
253,location_253,12/7/2016,1358,182.2365875,196.579135,14.34254753
254,location_254,12/7/2016,1636,54.57108663,475.5139916,420.942905
255,location_255,12/7/2016,1122,99.9602247,172.4844859,72.5242612
256,location_256,12/7/2016,1686,58.04086495,441.8523919,383.8115269
257,location_257,12/7/2016,630,212.4633221,140.8979916,-71.56533054
258,location_258,12/7/2016,674,237.2170085,316.369671,79.15266254
259,location_259,12/7/2016,456,163.7101797,492.2941795,328.5839997
260,location_260,12/7/2016,1211,162.1915496,322.1743216,159.982772
261,location_261,12/7/2016,51,121.9555328,251.7561878,129.800655
262,location_262,12/7/2016,1808,83.48747995,480.5917135,397.1042335
263,location_263,12/7/2016,20,71.01199701,389.4446607,318.4326637
264,location_264,12/7/2016,779,122.0668308,128.8632555,6.79642465
265,location_265,12/7/2016,296,154.1649548,309.5466822,155.3817275
266,location_266,12/7/2016,384,135.0122777,331.9724598,196.9601821
267,location_267,12/7/2016,1359,179.6582651,213.986647,34.32838195
268,location_268,12/7/2016,1037,126.736829,382.8850792,256.1482502
269,location_269,12/7/2016,1322,242.5484151,176.8058708,-65.74254427
270,location_270,12/7/2016,1577,121.219667,228.6247403,107.4050733
271,location_271,12/7/2016,1489,100.2611761,175.9794419,75.71826573
272,location_272,12/7/2016,1409,111.9637465,275.9301678,163.9664213
273,location_273,12/7/2016,633,211.9293241,473.7466423,261.8173182
274,location_274,12/7/2016,338,220.0555148,413.7017941,193.6462793
275,location_275,12/7/2016,28,151.3386182,173.9981052,22.65948704
276,location_276,12/7/2016,1163,184.5085562,486.4647383,301.9561821
277,location_277,12/7/2016,1182,128.9076677,491.9091874,363.0015197
278,location_278,12/7/2016,152,81.21712655,382.234567,301.0174405
279,location_279,12/7/2016,1602,236.6342744,273.6439972,37.00972283
280,location_280,12/7/2016,322,56.1332278,185.5577477,129.4245199
281,location_281,12/7/2016,1735,83.4293487,323.6351343,240.2057856
282,location_282,12/7/2016,469,223.6477979,301.6144677,77.96666985
283,location_283,12/7/2016,1655,176.093169,386.5984824,210.5053133
284,location_284,12/7/2016,967,218.8725741,404.4273186,185.5547445
285,location_285,12/7/2016,69,144.4146435,325.6715725,181.256929
286,location_286,12/7/2016,876,197.7427899,441.4191202,243.6763303
287,location_287,12/7/2016,1187,139.2428889,117.591607,-21.65128188
288,location_288,12/7/2016,1760,139.2181723,138.0273833,-1.190789044
289,location_289,12/7/2016,589,71.35034334,471.3349794,399.9846361
290,location_290,12/7/2016,1510,132.5662432,305.6611803,173.0949372
291,location_291,12/7/2016,1665,145.0111413,386.6179879,241.6068465
292,location_292,12/7/2016,125,230.032251,231.3422971,1.31004611
293,location_293,12/7/2016,1260,134.2490839,434.5278035,300.2787196
294,location_294,12/7/2016,61,195.2706933,116.9148711,-78.35582225
295,location_295,12/7/2016,1109,128.7214247,259.2188071,130.4973824
296,location_296,12/7/2016,379,230.7506426,157.2352396,-73.51540294
297,location_297,12/7/2016,355,178.8957515,141.8562862,-37.03946527
298,location_298,12/7/2016,358,206.2580757,340.6241801,134.3661044
299,location_299,12/7/2016,1564,178.3163135,118.0785828,-60.23773071
300,location_300,12/7/2016,1817,60.23475593,359.7737733,299.5390174
301,location_301,12/7/2016,945,73.46916348,449.4369686,375.9678051
302,location_302,12/7/2016,331,122.6437761,477.8329778,355.1892017
303,location_303,12/7/2016,961,170.0704195,320.7056152,150.6351957
304,location_304,12/7/2016,1694,181.7479519,266.1495852,84.40163336
305,location_305,12/7/2016,1402,93.30145051,249.0527791,155.7513286
306,location_306,12/7/2016,692,107.3187123,464.7997243,357.481012
307,location_307,12/7/2016,827,141.0940849,115.4226042,-25.67148069
308,location_308,12/7/2016,82,171.5452511,313.5309421,141.9856911
309,location_309,12/7/2016,810,166.5603483,180.0449589,13.48461066
310,location_310,12/7/2016,1620,235.8947128,425.2998987,189.405186
311,location_311,12/7/2016,1727,64.3647525,279.0327212,214.6679687
312,location_312,12/7/2016,960,163.7148373,107.6892352,-56.02560216
313,location_313,12/7/2016,1795,103.6416928,222.7401751,119.0984823
314,location_314,12/7/2016,1969,176.608994,119.4378076,-57.17118643
315,location_315,12/7/2016,1150,129.2480884,442.0260448,312.7779564
316,location_316,12/7/2016,89,215.5576209,237.8466721,22.28905121
317,location_317,12/7/2016,1779,240.8184403,216.1060578,-24.71238244
318,location_318,12/7/2016,385,154.8136599,132.2738311,-22.53982881
319,location_319,12/7/2016,400,188.2883758,238.2134386,49.92506285
320,location_320,12/7/2016,1119,213.5799031,120.5430089,-93.03689413
321,location_321,12/7/2016,33,220.8584971,432.810203,211.9517059
322,location_322,12/7/2016,643,227.5931305,194.6393533,-32.95377726
323,location_323,12/7/2016,1691,59.07763685,148.4869905,89.40935363
324,location_324,12/7/2016,1481,109.1085981,411.683043,302.5744449
325,location_325,12/7/2016,659,240.1099915,498.6610418,258.5510503
326,location_326,12/7/2016,449,103.3066549,228.551707,125.2450521
327,location_327,12/7/2016,345,50.2813851,128.0236124,77.74222731
328,location_328,12/7/2016,76,154.2449725,191.2527574,37.00778494
329,location_329,12/7/2016,1699,69.97283311,203.4222174,133.4493843
330,location_330,12/7/2016,1477,52.6348528,139.7300798,87.09522705
331,location_331,12/7/2016,849,128.5337969,139.4301489,10.89635203
332,location_332,12/7/2016,336,198.659139,223.5269886,24.86784966
333,location_333,12/7/2016,1657,55.94690191,210.4685769,154.521675
334,location_334,12/7/2016,1366,74.65093201,222.1005067,147.4495747
335,location_335,12/7/2016,53,212.4896428,317.627541,105.1378982
336,location_336,12/7/2016,1773,153.4695615,225.7446798,72.27511839
337,location_337,12/7/2016,528,221.830631,405.348589,183.517958
338,location_338,12/7/2016,1048,232.2994021,332.8107405,100.5113384
339,location_339,12/7/2016,1981,170.3796048,466.1687548,295.78915
340,location_340,12/7/2016,1802,131.8442272,334.1992759,202.3550487
341,location_341,12/7/2016,817,79.32858756,325.490757,246.1621694
342,location_342,12/7/2016,598,142.5762488,450.0487894,307.4725406
343,location_343,12/7/2016,1129,221.735581,324.9938768,103.2582958
344,location_344,12/7/2016,1732,172.2737001,449.9592436,277.6855436
345,location_345,12/7/2016,658,130.9233537,107.8318425,-23.09151124
346,location_346,12/7/2016,1611,105.8167316,431.627408,325.8106765
347,location_347,12/7/2016,1233,111.7764667,367.2008781,255.4244114
348,location_348,12/7/2016,1112,102.3479362,372.8648551,270.5169189
349,location_349,12/7/2016,1866,65.5782863,134.0438461,68.46555979
350,location_350,12/7/2016,623,56.32263967,102.8479675,46.52532781
351,location_351,12/7/2016,727,93.26609215,271.0804159,177.8143237
352,location_352,12/7/2016,764,196.8114647,498.0000269,301.1885622
353,location_353,12/7/2016,156,213.6126263,126.6451126,-86.96751366
354,location_354,12/7/2016,1523,179.7158482,241.316661,61.60081276
355,location_355,12/7/2016,307,228.4893762,324.02859,95.53921386
356,location_356,12/7/2016,1785,232.8040095,365.3760263,132.5720168
357,location_357,12/7/2016,1136,98.93778493,131.4753659,32.53758098
358,location_358,12/7/2016,1689,171.5429587,446.4129069,274.8699482
359,location_359,12/7/2016,17,188.2265961,385.3441291,197.117533
360,location_360,12/7/2016,595,118.3990582,141.5619981,23.16293987
361,location_361,12/7/2016,278,155.0067909,420.1826783,265.1758874
362,location_362,12/7/2016,1344,93.85610013,451.7511161,357.895016
363,location_363,12/7/2016,808,59.13428199,127.6415574,68.50727545
364,location_364,12/7/2016,1351,235.2461266,211.5853732,-23.66075339
365,location_365,12/7/2016,40,183.3826679,412.2229723,228.8403044
366,location_366,12/7/2016,593,98.81394627,304.9064029,206.0924566
367,location_367,12/7/2016,683,236.150312,181.5751275,-54.5751845
368,location_368,12/7/2016,1968,120.4318422,460.557332,340.1254898
369,location_369,12/7/2016,1485,232.1900402,195.0118053,-37.1782349
370,location_370,12/7/2016,258,77.0702628,477.2065901,400.1363273
371,location_371,12/7/2016,1389,238.9918169,161.0806515,-77.9111654
372,location_372,12/7/2016,1277,141.2009671,171.5322091,30.33124199
373,location_373,12/7/2016,699,104.1941127,181.6735061,77.47939341
374,location_374,12/7/2016,233,60.36825664,311.9768262,251.6085695
375,location_375,12/7/2016,1085,163.786171,133.7537598,-30.03241117
376,location_376,12/7/2016,930,71.37602307,308.1305872,236.7545641
377,location_377,12/7/2016,1540,143.4585561,192.6576178,49.19906165
378,location_378,12/7/2016,1541,117.5086154,372.6949738,255.1863584
379,location_379,12/7/2016,507,55.68228317,101.7285216,46.04623839
380,location_380,12/7/2016,1643,126.3659964,379.0849774,252.718981
381,location_381,12/7/2016,1548,109.1622115,341.7873246,232.6251131
382,location_382,12/7/2016,1754,242.8978737,449.9585622,207.0606885
383,location_383,12/7/2016,1278,208.8020545,272.3699606,63.56790611
384,location_384,12/7/2016,1470,82.15494375,290.3486463,208.1937026
385,location_385,12/7/2016,1530,221.6488509,313.3763265,91.72747564
386,location_386,12/7/2016,29,196.9537009,487.8100409,290.85634
387,location_387,12/7/2016,1152,84.70523208,370.448262,285.7430299
388,location_388,12/7/2016,972,61.49979192,353.2074869,291.7076949
389,location_389,12/7/2016,1787,156.6811786,203.6941556,47.01297702
390,location_390,12/7/2016,1628,130.6056806,154.8741838,24.26850321
391,location_391,12/7/2016,1949,108.8189465,170.321015,61.50206844
392,location_392,12/7/2016,436,173.7641518,390.2875143,216.5233625
393,location_393,12/7/2016,1718,157.1073596,423.4807056,266.373346
394,location_394,12/7/2016,559,59.82237719,106.4759424,46.65356521
395,location_395,12/7/2016,1398,157.8154614,447.5716485,289.7561871
396,location_396,12/7/2016,536,182.6071675,415.5430199,232.9358524
397,location_397,12/7/2016,880,166.7101556,374.6349361,207.9247805
398,location_398,12/7/2016,698,189.0198723,201.1878528,12.16798043
399,location_399,12/7/2016,470,71.06237286,173.0779743,102.0156014
400,location_400,12/7/2016,1957,200.54635,483.3469256,282.8005756
401,location_401,12/7/2016,139,218.5014646,108.9667598,-109.5347048
402,location_402,12/7/2016,12,53.98807772,381.5274475,327.5393698
403,location_403,12/7/2016,1106,186.6724817,141.7245012,-44.94798053
404,location_404,12/7/2016,467,225.9531731,488.1576803,262.2045072
405,location_405,12/7/2016,1436,227.5389307,132.4231342,-95.11579648
406,location_406,12/7/2016,716,176.291939,120.1320457,-56.15989328
407,location_407,12/7/2016,1870,167.3898861,252.5836497,85.19376353
408,location_408,12/7/2016,620,78.16216457,229.182604,151.0204394
409,location_409,12/7/2016,1692,103.0087945,438.0973211,335.0885267
410,location_410,12/7/2016,1079,244.7413453,455.0782679,210.3369225
411,location_411,12/7/2016,565,189.1056653,149.9561283,-39.14953703
412,location_412,12/7/2016,105,221.8574113,448.2398996,226.3824883
413,location_413,12/7/2016,1464,119.2849827,436.5360828,317.2511001
414,location_414,12/7/2016,1987,90.38612787,109.5734509,19.187323
415,location_415,12/7/2016,475,174.4811063,230.496381,56.01527472
416,location_416,12/7/2016,842,83.47586244,355.9253844,272.449522
417,location_417,12/7/2016,201,205.0917935,424.3937429,219.3019494
418,location_418,12/7/2016,513,95.23650073,119.2469005,24.01039973
419,location_419,12/7/2016,616,125.7293265,161.6594194,35.93009282
420,location_420,12/7/2016,11,191.0105106,155.9560617,-35.0544489
421,location_421,12/7/2016,1484,60.58529252,370.0257901,309.4404976
422,location_422,12/7/2016,395,192.3917808,260.669654,68.27787315
423,location_423,12/7/2016,1154,135.9451643,268.946666,133.0015017
424,location_424,12/7/2016,729,154.5350949,367.5800576,213.0449627
425,location_425,12/7/2016,1263,210.4162704,418.0771339,207.6608635
426,location_426,12/7/2016,998,113.831511,325.4353337,211.6038227
427,location_427,12/7/2016,1910,174.7451048,328.6325404,153.8874356
428,location_428,12/7/2016,1942,115.4062172,472.2039284,356.7977112
429,location_429,12/7/2016,1228,176.3739356,428.3343042,251.9603686
430,location_430,12/7/2016,533,96.17210506,130.7945745,34.62246945
431,location_431,12/7/2016,1954,169.5706156,479.0037136,309.433098
432,location_432,12/7/2016,791,129.3694486,224.3022379,94.93278936
433,location_433,12/7/2016,66,156.143183,203.3734079,47.23022496
434,location_434,12/7/2016,1356,87.22356465,215.6528522,128.4292876
435,location_435,12/7/2016,1397,228.4705044,487.124612,258.6541076
436,location_436,12/7/2016,90,91.14645165,128.5550587,37.40860703
437,location_437,12/7/2016,1972,175.2128161,490.2637267,315.0509105
438,location_438,12/7/2016,1088,141.0277543,492.034932,351.0071778
439,location_439,12/7/2016,1771,178.0685596,388.4395548,210.3709952
440,location_440,12/7/2016,1435,53.09825209,221.8214338,168.7231817
441,location_441,12/7/2016,1442,127.1390505,444.3888062,317.2497557
442,location_442,12/7/2016,275,219.7054398,470.3148437,250.6094039
443,location_443,12/7/2016,508,112.1092306,142.5516211,30.4423905
444,location_444,12/7/2016,109,128.1512127,284.2496018,156.0983891
445,location_445,12/7/2016,1025,210.5692443,148.4408136,-62.12843074
446,location_446,12/7/2016,1439,96.25160601,466.1798732,369.9282672
447,location_447,12/7/2016,1332,137.4902338,384.2610907,246.7708569
448,location_448,12/7/2016,1662,68.75116266,235.2165716,166.4654089
449,location_449,12/7/2016,1685,68.40068176,276.4674987,208.0668169
450,location_450,12/7/2016,498,239.0606865,469.4809999,230.4203134
451,location_451,12/7/2016,923,117.9524481,242.0705558,124.1181077
452,location_452,12/7/2016,1654,195.0322927,308.1228903,113.0905976
453,location_453,12/7/2016,1524,126.8523169,223.4231961,96.57087917
454,location_454,12/7/2016,235,160.0563169,163.0358313,2.979514375
455,location_455,12/7/2016,423,153.4302896,284.6188195,131.1885299
456,location_456,12/7/2016,1199,137.1406874,364.5004107,227.3597233
457,location_457,12/7/2016,570,138.5582924,250.0529082,111.4946158
458,location_458,12/7/2016,50,121.7102773,218.41115,96.70087271
459,location_459,12/7/2016,1533,57.39315078,413.1274575,355.7343068
460,location_460,12/7/2016,292,213.7581876,277.8346373,64.07644963
461,location_461,12/7/2016,628,231.0225575,143.7152675,-87.30728994
462,location_462,12/7/2016,460,96.20198254,448.9060394,352.7040569
463,location_463,12/7/2016,1475,100.8805318,408.939389,308.0588573
464,location_464,12/7/2016,1522,155.8446788,400.4666434,244.6219645
465,location_465,12/7/2016,438,88.48438268,114.3067189,25.82233618
466,location_466,12/7/2016,1289,91.15011413,311.6353547,220.4852406
467,location_467,12/7/2016,987,119.8942643,125.1854894,5.291225063
468,location_468,12/7/2016,437,217.8808571,334.4748191,116.593962
469,location_469,12/7/2016,809,222.0662725,329.0391516,106.9728791
470,location_470,12/7/2016,931,163.1646583,201.9891435,38.8244852
471,location_471,12/7/2016,1072,236.0367397,304.5255704,68.4888307
472,location_472,12/7/2016,899,102.4676519,178.6159898,76.14833787
473,location_473,12/7/2016,739,149.5890947,301.0490915,151.4599968
474,location_474,12/7/2016,383,178.0265696,110.1949252,-67.83164442
475,location_475,12/7/2016,1472,102.4488017,386.117856,283.6690543
476,location_476,12/7/2016,789,136.6907503,427.5141204,290.8233701
477,location_477,12/7/2016,742,108.0109062,450.1980947,342.1871885
478,location_478,12/7/2016,1614,104.1780369,155.6645689,51.48653192
479,location_479,12/7/2016,1377,78.42126517,160.5328722,82.11160703
480,location_480,12/7/2016,1521,87.42137798,468.2488139,380.8274359
481,location_481,12/7/2016,1313,93.66810871,432.4114904,338.7433817
482,location_482,12/7/2016,1922,84.17963074,494.3136703,410.1340396
483,location_483,12/7/2016,446,61.27094822,474.2502041,412.9792559
484,location_484,12/7/2016,205,83.4675977,491.0683219,407.6007242
485,location_485,12/7/2016,1401,124.5352612,213.3140704,88.77880918
486,location_486,12/7/2016,1403,137.5572807,303.1224777,165.565197
487,location_487,12/7/2016,193,86.39594424,463.6085395,377.2125952
488,location_488,12/7/2016,131,220.2916291,253.609127,33.31749788
489,location_489,12/7/2016,1482,222.0574686,179.1941631,-42.86330552
490,location_490,12/7/2016,168,164.5149668,274.8696733,110.3547066
491,location_491,12/7/2016,399,131.6135673,484.5693567,352.9557894
492,location_492,12/7/2016,142,59.41569931,296.136618,236.7209187
493,location_493,12/7/2016,250,140.1805996,324.6782555,184.4976559
494,location_494,12/7/2016,965,133.9858218,257.9221769,123.9363552
495,location_495,12/7/2016,443,233.746884,426.6887591,192.9418752
496,location_496,12/7/2016,685,179.8681391,287.3239267,107.4557876
497,location_497,12/7/2016,1704,171.5075036,308.4644789,136.9569753
498,location_498,12/7/2016,1296,68.1336584,450.7835354,382.649877
499,location_499,12/7/2016,1862,66.49311678,420.1569922,353.6638754
500,location_500,12/7/2016,1368,175.6366637,219.8898134,44.25314968
